iter	Logloss
0	0.6441846355
1	0.6000153522
2	0.5607417713
3	0.5255722406
4	0.4954770619
5	0.468563636
6	0.4447953616
7	0.4243416762
8	0.4062232726
9	0.3907103266
10	0.3773161132
11	0.3650895644
12	0.3543835375
13	0.3448695104
14	0.3366813588
15	0.3290675524
16	0.3226106615
