iter	Logloss
0	0.4412283229
1	0.3491756542
2	0.3049737852
3	0.2817908111
4	0.2693660701
5	0.2624180073
6	0.2584910259
7	0.2567512638
8	0.2553046774
9	0.2549398783
10	0.2543368913
11	0.2537826593
12	0.2534589995
13	0.2532655722
14	0.2530247027
15	0.2529186483
16	0.2528601534
17	0.2527429814
18	0.2526834801
19	0.2526466469
20	0.2525594696
21	0.2525139024
22	0.2524372307
23	0.2524034875
24	0.2523260574
